/*!40101 SET @OLD_CHARACTER_SET_CLIENT=@@CHARACTER_SET_CLIENT */;
/*!40101 SET @OLD_CHARACTER_SET_RESULTS=@@CHARACTER_SET_RESULTS */;
/*!40101 SET @OLD_COLLATION_CONNECTION=@@COLLATION_CONNECTION */;
/*!40101 SET NAMES utf8 */;
/*!40103 SET @OLD_TIME_ZONE=@@TIME_ZONE */;
/*!40103 SET TIME_ZONE='+00:00' */;
/*!40014 SET @OLD_UNIQUE_CHECKS=@@UNIQUE_CHECKS, UNIQUE_CHECKS=0 */;
/*!40014 SET @OLD_FOREIGN_KEY_CHECKS=@@FOREIGN_KEY_CHECKS, FOREIGN_KEY_CHECKS=0 */;
/*!40101 SET @OLD_SQL_MODE=@@SQL_MODE, SQL_MODE='NO_AUTO_VALUE_ON_ZERO' */;
/*!40111 SET @OLD_SQL_NOTES=@@SQL_NOTES, SQL_NOTES=0 */;

CREATE TABLE MSATNAUTHORGROUPINFO (
	GROUP_ID              CHAR(20) NOT NULL,
	GROUP_NM              VARCHAR(60) NOT NULL,
	GROUP_CREAT_DE        CHAR(20) NOT NULL,
	GROUP_DC              VARCHAR(100) NULL,
	PRIMARY KEY (GROUP_ID)
) CHARACTER SET utf8mb4 COLLATE utf8mb4_unicode_ci;

CREATE UNIQUE INDEX MSATNAUTHORGROUPINFO_PK ON MSATNAUTHORGROUPINFO (GROUP_ID);

CREATE TABLE MSATNAUTHORINFO (
	AUTHOR_CODE           VARCHAR(30) NOT NULL,
	AUTHOR_NM             VARCHAR(60) NOT NULL,
	AUTHOR_DC             VARCHAR(200) NULL,
	AUTHOR_CREAT_DE       CHAR(20) NOT NULL,
	PRIMARY KEY (AUTHOR_CODE)
) CHARACTER SET utf8mb4 COLLATE utf8mb4_unicode_ci;

CREATE UNIQUE INDEX MSATNAUTHORINFO_PK ON MSATNAUTHORINFO (AUTHOR_CODE);

CREATE TABLE MSATNROLEINFO (
    ROLE_CODE             VARCHAR(50) NOT NULL,
    ROLE_NM               VARCHAR(60) NOT NULL,
    ROLE_PTTRN            VARCHAR(300) NULL,
    ROLE_DC               VARCHAR(200) NULL,
    ROLE_TY               VARCHAR(80) NULL,
    ROLE_SORT             VARCHAR(10) NULL,
    ROLE_CREAT_DE         CHAR(20) NOT NULL,
    PRIMARY KEY (ROLE_CODE)
) CHARACTER SET utf8mb4 COLLATE utf8mb4_unicode_ci;

CREATE UNIQUE INDEX MSATNROLEINFO_PK ON MSATNROLEINFO (ROLE_CODE);

CREATE TABLE MSATNAUTHORROLERELATE (
	AUTHOR_CODE           VARCHAR(30) NOT NULL,
	ROLE_CODE             VARCHAR(50) NOT NULL,
	CREAT_DT              DATETIME NULL,
	PRIMARY KEY (AUTHOR_CODE,ROLE_CODE),
	FOREIGN KEY MSATNAUTHORROLERELATE_FK1 (AUTHOR_CODE) REFERENCES MSATNAUTHORINFO(AUTHOR_CODE) ON DELETE CASCADE,
	FOREIGN KEY MSATNAUTHORROLERELATE_FK2 (ROLE_CODE) REFERENCES MSATNROLEINFO(ROLE_CODE) ON DELETE CASCADE
) CHARACTER SET utf8mb4 COLLATE utf8mb4_unicode_ci;

CREATE UNIQUE INDEX MSATNAUTHORROLERELATE_PK ON MSATNAUTHORROLERELATE (AUTHOR_CODE, ROLE_CODE);

CREATE INDEX MSATNAUTHORROLERELATE_i01 ON MSATNAUTHORROLERELATE (AUTHOR_CODE);

CREATE INDEX MSATNAUTHORROLERELATE_i02 ON MSATNAUTHORROLERELATE (ROLE_CODE);

CREATE TABLE MSATNROLES_HIERARCHY (
	PARNTS_ROLE           VARCHAR(30) NOT NULL,
	CHLDRN_ROLE           VARCHAR(30) NOT NULL,
	PRIMARY KEY (PARNTS_ROLE,CHLDRN_ROLE),
	FOREIGN KEY MSATNROLES_HIERARCHY_FK1 (PARNTS_ROLE) REFERENCES MSATNAUTHORINFO(AUTHOR_CODE) ON DELETE CASCADE,
	FOREIGN KEY MSATNROLES_HIERARCHY_FK2 (CHLDRN_ROLE) REFERENCES MSATNAUTHORINFO(AUTHOR_CODE) ON DELETE CASCADE
) CHARACTER SET utf8mb4 COLLATE utf8mb4_unicode_ci;

CREATE UNIQUE INDEX MSATNROLES_HIERARCHY_PK ON MSATNROLES_HIERARCHY (PARNTS_ROLE, CHLDRN_ROLE);

CREATE INDEX MSATNROLES_HIERARCHY_i01 ON MSATNROLES_HIERARCHY (PARNTS_ROLE);

CREATE INDEX MSATNROLES_HIERARCHY_i02 ON MSATNROLES_HIERARCHY (CHLDRN_ROLE);

CREATE TABLE MSATNEMPLYRSCRTYESTBS (
	SCRTY_DTRMN_TRGET_ID  VARCHAR(20) NOT NULL,
	MBER_TY_CODE          CHAR(5) NULL,
	AUTHOR_CODE           VARCHAR(30) NOT NULL,
	PRIMARY KEY (SCRTY_DTRMN_TRGET_ID)
) CHARACTER SET utf8mb4 COLLATE utf8mb4_unicode_ci;

CREATE UNIQUE INDEX MSATNEMPLYRSCRTYESTBS_PK ON MSATNEMPLYRSCRTYESTBS (SCRTY_DTRMN_TRGET_ID);

CREATE INDEX MSATNEMPLYRSCRTYESTBS_i04 ON MSATNEMPLYRSCRTYESTBS (AUTHOR_CODE);

CREATE TABLE MSATNMENUCREATDTLS (
	MENU_NO               NUMERIC(20) NOT NULL,
	AUTHOR_CODE           VARCHAR(30) NOT NULL,
	MAPNG_CREAT_ID        VARCHAR(30) NULL,
	PRIMARY KEY (MENU_NO,AUTHOR_CODE),
	FOREIGN KEY MSATNMENUCREATDTLS_FK1 (AUTHOR_CODE) REFERENCES MSATNAUTHORINFO(AUTHOR_CODE)
) CHARACTER SET utf8mb4 COLLATE utf8mb4_unicode_ci;

CREATE UNIQUE INDEX MSATNMENUCREATDTLS_PK ON MSATNMENUCREATDTLS (MENU_NO, AUTHOR_CODE);

CREATE INDEX MSATNMENUCREATDTLS_i02 ON MSATNMENUCREATDTLS (MENU_NO);

CREATE INDEX MSATNMENUCREATDTLS_i03 ON MSATNMENUCREATDTLS (MAPNG_CREAT_ID);

CREATE INDEX MSATNMENUCREATDTLS_i04 ON MSATNMENUCREATDTLS (AUTHOR_CODE);

-- 그룹
INSERT INTO MSATNAUTHORGROUPINFO (GROUP_ID, GROUP_NM, GROUP_CREAT_DE,GROUP_DC) VALUES ('GROUP_00000000000000', '0번  그룹입니다',  SYSDATE(), '0번  그룹입니다');

-- 권한정보
INSERT INTO MSATNAUTHORINFO VALUES ('ROLE_ANONYMOUS' ,'모든 사용자', '', NOW());
INSERT INTO MSATNAUTHORINFO VALUES ('IS_AUTHENTICATED_ANONYMOUSLY', '스프링시큐리티 내부사용(롤부여 금지)', '', NOW());
INSERT INTO MSATNAUTHORINFO VALUES ('IS_AUTHENTICATED_REMEMBERED', '스프링시큐리티 내부사용(롤부여 금지)', '', NOW());
INSERT INTO MSATNAUTHORINFO VALUES ('IS_AUTHENTICATED_FULLY', '스프링시큐리티 내부사용(롤부여 금지)', '', NOW());
INSERT INTO MSATNAUTHORINFO VALUES ('ROLE_USER', '일반 사용자', '', NOW());
INSERT INTO MSATNAUTHORINFO VALUES ('ROLE_ADMIN', '관리자', '', NOW());

-- 롤 등록
INSERT INTO MSATNROLEINFO (ROLE_CODE, ROLE_NM, ROLE_PTTRN, ROLE_DC, ROLE_TY, ROLE_SORT, ROLE_CREAT_DE) VALUES ('web-000001', '로그인', '/uat/uia/**', '로그인', 'url', '1', SYSDATE());
INSERT INTO MSATNROLEINFO (ROLE_CODE, ROLE_NM, ROLE_PTTRN, ROLE_DC, ROLE_TY, ROLE_SORT, ROLE_CREAT_DE) VALUES ('web-000002', '로그인정책관리', '/uat/uap/**', '로그인정책관리', 'url', '1', SYSDATE());
INSERT INTO MSATNROLEINFO (ROLE_CODE, ROLE_NM, ROLE_PTTRN, ROLE_DC, ROLE_TY, ROLE_SORT, ROLE_CREAT_DE) VALUES ('web-000003', '권한관리', '/sec/ram/**', '권한관리', 'url', '1', SYSDATE());
INSERT INTO MSATNROLEINFO (ROLE_CODE, ROLE_NM, ROLE_PTTRN, ROLE_DC, ROLE_TY, ROLE_SORT, ROLE_CREAT_DE) VALUES ('web-000004', '권한그룹관리', '/sec/rgm/**', '권한그룹관리', 'url', '1', SYSDATE());
INSERT INTO MSATNROLEINFO (ROLE_CODE, ROLE_NM, ROLE_PTTRN, ROLE_DC, ROLE_TY, ROLE_SORT, ROLE_CREAT_DE) VALUES ('web-000005', '그룹관리', '/sec/gmt/**', '그룹관리', 'url', '1', SYSDATE());
INSERT INTO MSATNROLEINFO (ROLE_CODE, ROLE_NM, ROLE_PTTRN, ROLE_DC, ROLE_TY, ROLE_SORT, ROLE_CREAT_DE) VALUES ('web-000006', '롤관리', '/sec/rmt/**', '롤관리', 'url', '1', SYSDATE());
INSERT INTO MSATNROLEINFO (ROLE_CODE, ROLE_NM, ROLE_PTTRN, ROLE_DC, ROLE_TY, ROLE_SORT, ROLE_CREAT_DE) VALUES ('web-000007', '모바일신분증', '/mip/**', '모바일신분증', 'url', '1', SYSDATE());
INSERT INTO MSATNROLEINFO (ROLE_CODE, ROLE_NM, ROLE_PTTRN, ROLE_DC, ROLE_TY, ROLE_SORT, ROLE_CREAT_DE) VALUES ('web-000008', '블로그관리', '/cop/bls/**', '블로그관리', 'url', '1', SYSDATE());
INSERT INTO MSATNROLEINFO (ROLE_CODE, ROLE_NM, ROLE_PTTRN, ROLE_DC, ROLE_TY, ROLE_SORT, ROLE_CREAT_DE) VALUES ('web-000009', '게시판관리', '/cop/bbs/**', '게시판관리', 'url', '1', SYSDATE());
INSERT INTO MSATNROLEINFO (ROLE_CODE, ROLE_NM, ROLE_PTTRN, ROLE_DC, ROLE_TY, ROLE_SORT, ROLE_CREAT_DE) VALUES ('web-000010', '게시글관리', '/cop/brd/**', '게시글관리', 'url', '1', SYSDATE());
INSERT INTO MSATNROLEINFO (ROLE_CODE, ROLE_NM, ROLE_PTTRN, ROLE_DC, ROLE_TY, ROLE_SORT, ROLE_CREAT_DE) VALUES ('web-000011', '커뮤니티관리', '/cop/cmy/**', '커뮤니티관리', 'url', '1', SYSDATE());
INSERT INTO MSATNROLEINFO (ROLE_CODE, ROLE_NM, ROLE_PTTRN, ROLE_DC, ROLE_TY, ROLE_SORT, ROLE_CREAT_DE) VALUES ('web-000012', '설문관리', '/uss/olp/qmc/**', '설문관리', 'url', '1', SYSDATE());
INSERT INTO MSATNROLEINFO (ROLE_CODE, ROLE_NM, ROLE_PTTRN, ROLE_DC, ROLE_TY, ROLE_SORT, ROLE_CREAT_DE) VALUES ('web-000013', '설문조사','/uss/olp/qri/**','설문조사', 'url', '1', SYSDATE());
INSERT INTO MSATNROLEINFO (ROLE_CODE, ROLE_NM, ROLE_PTTRN, ROLE_DC, ROLE_TY, ROLE_SORT, ROLE_CREAT_DE) VALUES ('web-000014', '설문템플릿관리','/uss/olp/qtm/**','설문템플릿관리', 'url', '1', SYSDATE());
INSERT INTO MSATNROLEINFO (ROLE_CODE, ROLE_NM, ROLE_PTTRN, ROLE_DC, ROLE_TY, ROLE_SORT, ROLE_CREAT_DE) VALUES ('web-000015', '응답자관리','/uss/olp/qrm/**','응답자관리', 'url', '1', SYSDATE());
INSERT INTO MSATNROLEINFO (ROLE_CODE, ROLE_NM, ROLE_PTTRN, ROLE_DC, ROLE_TY, ROLE_SORT, ROLE_CREAT_DE) VALUES ('web-000016', '질문관리','/uss/olp/qqm/**','질문관리', 'url', '1', SYSDATE());
INSERT INTO MSATNROLEINFO (ROLE_CODE, ROLE_NM, ROLE_PTTRN, ROLE_DC, ROLE_TY, ROLE_SORT, ROLE_CREAT_DE) VALUES ('web-000017', '항목관리','/uss/olp/qim/**','항목관리', 'url', '1', SYSDATE());
INSERT INTO MSATNROLEINFO (ROLE_CODE, ROLE_NM, ROLE_PTTRN, ROLE_DC, ROLE_TY, ROLE_SORT, ROLE_CREAT_DE) VALUES ('web-000018', '공통분류코드','/sym/ccm/ccc/**','공통분류코드', 'url', '1', SYSDATE());
INSERT INTO MSATNROLEINFO (ROLE_CODE, ROLE_NM, ROLE_PTTRN, ROLE_DC, ROLE_TY, ROLE_SORT, ROLE_CREAT_DE) VALUES ('web-000019', '공통상세코드','/sym/ccm/cde/**','공통상세코드', 'url', '1', SYSDATE());
INSERT INTO MSATNROLEINFO (ROLE_CODE, ROLE_NM, ROLE_PTTRN, ROLE_DC, ROLE_TY, ROLE_SORT, ROLE_CREAT_DE) VALUES ('web-000020', '공통코드','/sym/ccm/cca/**','공통코드', 'url', '1', SYSDATE());
INSERT INTO MSATNROLEINFO (ROLE_CODE, ROLE_NM, ROLE_PTTRN, ROLE_DC, ROLE_TY, ROLE_SORT, ROLE_CREAT_DE) VALUES ('web-000021', '검색엔진','/ext/ops/**','검색엔진', 'url', '1', SYSDATE());

-- 권한 롤 매핑
INSERT INTO MSATNAUTHORROLERELATE (AUTHOR_CODE, ROLE_CODE, CREAT_DT) VALUES ('ROLE_ANONYMOUS', 'web-000001', SYSDATE());
INSERT INTO MSATNAUTHORROLERELATE (AUTHOR_CODE, ROLE_CODE, CREAT_DT) VALUES ('ROLE_ADMIN', 'web-000002', SYSDATE());
INSERT INTO MSATNAUTHORROLERELATE (AUTHOR_CODE, ROLE_CODE, CREAT_DT) VALUES ('ROLE_ADMIN', 'web-000003', SYSDATE());
INSERT INTO MSATNAUTHORROLERELATE (AUTHOR_CODE, ROLE_CODE, CREAT_DT) VALUES ('ROLE_ADMIN', 'web-000004', SYSDATE());
INSERT INTO MSATNAUTHORROLERELATE (AUTHOR_CODE, ROLE_CODE, CREAT_DT) VALUES ('ROLE_ADMIN', 'web-000005', SYSDATE());
INSERT INTO MSATNAUTHORROLERELATE (AUTHOR_CODE, ROLE_CODE, CREAT_DT) VALUES ('ROLE_ADMIN', 'web-000006', SYSDATE());
INSERT INTO MSATNAUTHORROLERELATE (AUTHOR_CODE, ROLE_CODE, CREAT_DT) VALUES ('ROLE_USER', 'web-000007', SYSDATE());
INSERT INTO MSATNAUTHORROLERELATE (AUTHOR_CODE, ROLE_CODE, CREAT_DT) VALUES ('ROLE_USER', 'web-000008', SYSDATE());
INSERT INTO MSATNAUTHORROLERELATE (AUTHOR_CODE, ROLE_CODE, CREAT_DT) VALUES ('ROLE_USER', 'web-000009', SYSDATE());
INSERT INTO MSATNAUTHORROLERELATE (AUTHOR_CODE, ROLE_CODE, CREAT_DT) VALUES ('ROLE_USER', 'web-000010', SYSDATE());
INSERT INTO MSATNAUTHORROLERELATE (AUTHOR_CODE, ROLE_CODE, CREAT_DT) VALUES ('ROLE_USER', 'web-000011', SYSDATE());
INSERT INTO MSATNAUTHORROLERELATE (AUTHOR_CODE, ROLE_CODE, CREAT_DT) VALUES ('ROLE_ADMIN', 'web-000012', SYSDATE());
INSERT INTO MSATNAUTHORROLERELATE (AUTHOR_CODE, ROLE_CODE, CREAT_DT) VALUES ('ROLE_USER', 'web-000013', SYSDATE());
INSERT INTO MSATNAUTHORROLERELATE (AUTHOR_CODE, ROLE_CODE, CREAT_DT) VALUES ('ROLE_ADMIN', 'web-000014', SYSDATE());
INSERT INTO MSATNAUTHORROLERELATE (AUTHOR_CODE, ROLE_CODE, CREAT_DT) VALUES ('ROLE_ADMIN', 'web-000015', SYSDATE());
INSERT INTO MSATNAUTHORROLERELATE (AUTHOR_CODE, ROLE_CODE, CREAT_DT) VALUES ('ROLE_ADMIN', 'web-000016', SYSDATE());
INSERT INTO MSATNAUTHORROLERELATE (AUTHOR_CODE, ROLE_CODE, CREAT_DT) VALUES ('ROLE_ADMIN', 'web-000017', SYSDATE());
INSERT INTO MSATNAUTHORROLERELATE (AUTHOR_CODE, ROLE_CODE, CREAT_DT) VALUES ('ROLE_ADMIN', 'web-000018', SYSDATE());
INSERT INTO MSATNAUTHORROLERELATE (AUTHOR_CODE, ROLE_CODE, CREAT_DT) VALUES ('ROLE_ADMIN', 'web-000019', SYSDATE());
INSERT INTO MSATNAUTHORROLERELATE (AUTHOR_CODE, ROLE_CODE, CREAT_DT) VALUES ('ROLE_ADMIN', 'web-000020', SYSDATE());
INSERT INTO MSATNAUTHORROLERELATE (AUTHOR_CODE, ROLE_CODE, CREAT_DT) VALUES ('ROLE_USER', 'web-000021', SYSDATE());


-- 롤 계층구조
INSERT INTO MSATNROLES_HIERARCHY VALUES ('ROLE_ANONYMOUS', 'IS_AUTHENTICATED_ANONYMOUSLY');
INSERT INTO MSATNROLES_HIERARCHY VALUES ('IS_AUTHENTICATED_ANONYMOUSLY', 'IS_AUTHENTICATED_REMEMBERED');
INSERT INTO MSATNROLES_HIERARCHY VALUES ('IS_AUTHENTICATED_REMEMBERED', 'IS_AUTHENTICATED_FULLY');
INSERT INTO MSATNROLES_HIERARCHY VALUES ('IS_AUTHENTICATED_FULLY', 'ROLE_USER');
INSERT INTO MSATNROLES_HIERARCHY VALUES ('ROLE_USER', 'ROLE_ADMIN');

-- 사용자보안설정
INSERT INTO MSATNEMPLYRSCRTYESTBS (SCRTY_DTRMN_TRGET_ID, MBER_TY_CODE, AUTHOR_CODE) VALUES ('USRCNFRM_00000000000', 'USR03', 'ROLE_ADMIN');
INSERT INTO MSATNEMPLYRSCRTYESTBS (SCRTY_DTRMN_TRGET_ID, MBER_TY_CODE, AUTHOR_CODE) VALUES ('USRCNFRM_00000000001', 'USR01', 'ROLE_USER');
INSERT INTO MSATNEMPLYRSCRTYESTBS (SCRTY_DTRMN_TRGET_ID, MBER_TY_CODE, AUTHOR_CODE) VALUES ('USRCNFRM_00000000002', 'USR02', 'ROLE_USER');
INSERT INTO MSATNEMPLYRSCRTYESTBS (SCRTY_DTRMN_TRGET_ID, MBER_TY_CODE, AUTHOR_CODE) VALUES ('USRCNFRM_99999999999', 'USR03', 'ROLE_ADMIN');

ALTER TABLE MSATNAUTHORGROUPINFO COMMENT = '권한그룹정보';
ALTER TABLE `MSATNAUTHORGROUPINFO` CHANGE `GROUP_CREAT_DE` `GROUP_CREAT_DE` char(20) NOT NULL  COMMENT '그룹생성일';
ALTER TABLE `MSATNAUTHORGROUPINFO` CHANGE `GROUP_DC` `GROUP_DC` varchar(100) DEFAULT NULL  COMMENT '그룹설명';
ALTER TABLE `MSATNAUTHORGROUPINFO` CHANGE `GROUP_ID` `GROUP_ID` char(20) NOT NULL DEFAULT ''  COMMENT '그룹ID';
ALTER TABLE `MSATNAUTHORGROUPINFO` CHANGE `GROUP_NM` `GROUP_NM` varchar(60) NOT NULL  COMMENT '그룹명';

ALTER TABLE MSATNAUTHORINFO COMMENT = '권한정보';
ALTER TABLE `MSATNAUTHORINFO` CHANGE `AUTHOR_CODE` `AUTHOR_CODE` varchar(30) NOT NULL DEFAULT ''  COMMENT '권한코드';
ALTER TABLE `MSATNAUTHORINFO` CHANGE `AUTHOR_CREAT_DE` `AUTHOR_CREAT_DE` char(20) NOT NULL  COMMENT '권한생성일';
ALTER TABLE `MSATNAUTHORINFO` CHANGE `AUTHOR_DC` `AUTHOR_DC` varchar(200) DEFAULT NULL  COMMENT '권한설명';
ALTER TABLE `MSATNAUTHORINFO` CHANGE `AUTHOR_NM` `AUTHOR_NM` varchar(60) NOT NULL  COMMENT '권한명';

ALTER TABLE MSATNAUTHORROLERELATE COMMENT = '권한롤관계';
ALTER TABLE `MSATNAUTHORROLERELATE` CHANGE `AUTHOR_CODE` `AUTHOR_CODE` varchar(30) NOT NULL  COMMENT '권한코드';
ALTER TABLE `MSATNAUTHORROLERELATE` CHANGE `CREAT_DT` `CREAT_DT` datetime DEFAULT NULL  COMMENT '생성일시';
ALTER TABLE `MSATNAUTHORROLERELATE` CHANGE `ROLE_CODE` `ROLE_CODE` varchar(50) NOT NULL  COMMENT '롤코드';

ALTER TABLE MSATNROLEINFO COMMENT = '롤정보';
ALTER TABLE `MSATNROLEINFO` CHANGE `ROLE_CODE` `ROLE_CODE` varchar(50) NOT NULL DEFAULT ''  COMMENT '롤코드';
ALTER TABLE `MSATNROLEINFO` CHANGE `ROLE_CREAT_DE` `ROLE_CREAT_DE` char(20) NOT NULL  COMMENT '롤생성일';
ALTER TABLE `MSATNROLEINFO` CHANGE `ROLE_DC` `ROLE_DC` varchar(200) DEFAULT NULL  COMMENT '롤설명';
ALTER TABLE `MSATNROLEINFO` CHANGE `ROLE_NM` `ROLE_NM` varchar(60) NOT NULL  COMMENT '롤명';
ALTER TABLE `MSATNROLEINFO` CHANGE `ROLE_PTTRN` `ROLE_PTTRN` varchar(300) DEFAULT NULL  COMMENT '롤패턴';
ALTER TABLE `MSATNROLEINFO` CHANGE `ROLE_SORT` `ROLE_SORT` varchar(10) DEFAULT NULL  COMMENT '롤정렬';
ALTER TABLE `MSATNROLEINFO` CHANGE `ROLE_TY` `ROLE_TY` varchar(80) DEFAULT NULL  COMMENT '롤유형';

ALTER TABLE MSATNROLES_HIERARCHY COMMENT = '롤 계층구조';
ALTER TABLE `MSATNROLES_HIERARCHY` CHANGE `CHLDRN_ROLE` `CHLDRN_ROLE` varchar(30) NOT NULL  COMMENT '자식롤';
ALTER TABLE `MSATNROLES_HIERARCHY` CHANGE `PARNTS_ROLE` `PARNTS_ROLE` varchar(30) NOT NULL  COMMENT '부모롤';

ALTER TABLE MSATNEMPLYRSCRTYESTBS COMMENT = '사용자보안설정';
ALTER TABLE `MSATNEMPLYRSCRTYESTBS` CHANGE `AUTHOR_CODE` `AUTHOR_CODE` varchar(30) NOT NULL  COMMENT '권한코드';
ALTER TABLE `MSATNEMPLYRSCRTYESTBS` CHANGE `MBER_TY_CODE` `MBER_TY_CODE` char(5) DEFAULT NULL  COMMENT '회원유형코드';
ALTER TABLE `MSATNEMPLYRSCRTYESTBS` CHANGE `SCRTY_DTRMN_TRGET_ID` `SCRTY_DTRMN_TRGET_ID` varchar(20) NOT NULL  COMMENT '보안설정대상ID';

ALTER TABLE MSATNMENUCREATDTLS COMMENT = '메뉴생성내역';
ALTER TABLE `MSATNMENUCREATDTLS` CHANGE `AUTHOR_CODE` `AUTHOR_CODE` varchar(30) NOT NULL  COMMENT '권한코드';
ALTER TABLE `MSATNMENUCREATDTLS` CHANGE `MAPNG_CREAT_ID` `MAPNG_CREAT_ID` varchar(30)  COMMENT '매핑생성ID';
ALTER TABLE `MSATNMENUCREATDTLS` CHANGE `MENU_NO` `MENU_NO` decimal(20,0) NOT NULL  COMMENT '메뉴번호';
